priority_rank,source_or_rule,document_or_section,effective_date,applies_to,controlling_requirement,numeric_threshold,unit,notes
1,Signed county drainage criteria,Brookhaven County Drainage Manual Section 4.2.3,2026-04-01,Major-street sag storm-drain design,"Use NOAA Atlas 14 PDS rainfall for 25-year, 15-minute duration.","25-year, 15-minute",storm basis,Supersedes preliminary 10-year workbook basis.
2,Signed county drainage criteria,Brookhaven County Drainage Manual Section 5.1.1,2026-04-01,Hydraulic grade line,HGL at inlets and manholes must remain at least 0.30 ft below rim or gutter flowline during the design event.,0.3,ft,"Applies to CB-1, MH-2, MH-3, CB-3, and OUT-1 profile points."
3,Signed county drainage criteria,Brookhaven County Drainage Manual Section 5.4.7,2026-04-01,Roadway overtopping,No overtopping of Old Mill Road centerline is permitted in the design event.,0.0,ft,Current criteria control over older headwater ratio notes.
4,Signed county drainage criteria,Brookhaven County Drainage Manual Section 6.3.2,2026-04-01,Manning roughness,Use inspected existing-pipe condition roughness where inspection notes conflict with generic material defaults.,field condition controls,text,Applies to aged RCP and CMP segments.
5,Signed county drainage criteria,Brookhaven County Drainage Manual Section 7.2.4,2026-04-01,Alternative screening,"An alternative must satisfy hydraulic adequacy, budget, closure duration, right-of-way status, and permit readiness to be recommended without conditions.",all mandatory screens,text,Owner preference cannot override a mandatory screen.
6,Funding authorization,Capital Work Order OMR-26-17,2026-04-18,Construction budget,"Maximum approved construction cost excluding contingency is $520,000.",520000,USD,Contingency is shown separately in the cost workbook.
7,Traffic control authorization,Public Works memo PW-TC-26-09,2026-04-18,Road closure,Maximum full closure of Old Mill Road is 5 consecutive calendar days.,5,days,Night lane closures may be used outside this cap if emergency access is maintained.
8,Environmental permitting note,Willow Branch Maintenance Permit Pre-check,2026-04-24,Stream and culvert work,In-channel work requires permit readiness or explicit open-item status before construction recommendation.,permit readiness required,text,Culvert cleaning and apron modification are in-channel work.
9,Easement status rule,County ROW Review ROW-OMR-044,2026-04-24,Private parcel impacts,Work outside public right-of-way must have recorded easement before recommendation.,recorded easement required,text,Pending owner permission is not sufficient.
